phone	nom	cognom_1	cognom_2	date	email
674756182	Diana Carolina	Verdera	Zaidel	1974-06-21	D.Verdera@educacio.eu
670322646	Emma	Rodríguez	Viñals	1955-12-14	E.Rodríguez@govern.cat
691634478	Francisco Javier	Vila	Torner	1988-12-07	F.Vila@gencat.cat
617586432	Gabriel	Castells	Torner	1940-09-11	G.Castells@bcn.cat
608461207	Elena	Benito	Simó	1964-03-24	E.Benito@educacio.eu
696560511	Javier	Vilarrubí	Seix	1987-09-24	J.Vilarrubí@educacio.edu
639308293	Dídac	Vives	Segura	1940-06-12	D.Vives@educacio.edu
675556409	Eudosio	Ochoa	Sanz	1973-07-17	E.Ochoa@educacio.eu
650121146	Emmanuel	Serarols	Sans	1960-06-20	E.Serarols@gencat.cat
614710934	Encarnación	Ribas	Sans	1944-02-07	E.Ribas@educacio.eu
665718566	Isabel	Belzunce	Sánchez	2002-01-18	I.Belzunce@institut.edu
634739827	Ismael	Lizoain	Sánchez	1980-12-31	I.Lizoain@bcn.cat
698543466	Ivan	Martino	Sánchez	1952-01-18	I.Martino@educacio.eu
607527757	Iván	Gutiérrez	Sánchez	1959-12-15	I.Gutiérrez@govern.cat
674758125	Jaime	Ramírez	Sánchez	1977-01-06	J.Ramírez@bcn.cat
683166125	Jaume	Cuscó	Sánchez	1958-09-20	J.Cuscó@institut.edu
638362781	Elisa	Mestres	Salvador	1959-03-04	E.Mestres@educacio.com
674438816	Gerard	Viadé	Saez	2002-07-10	G.Viadé@bcn.cat
619170141	Glòria	Calvo	Saez	1946-10-19	G.Calvo@govern.cat
642974183	Francesc	Sais	Ruiz	1964-04-19	F.Sais@institut.edu
623847492	Francesc Xavier	Carrera	Ruiz	1986-06-06	F.Carrera@govern.cat
657435689	Elvira	Tavera	Roger	1940-02-24	E.Tavera@bcn.cat
695575524	Georgina	Ruiz	Rodríguez	1992-04-25	G.Ruiz@educacio.edu
659859119	Elsa	Oliva	Ribera	1992-01-29	E.Oliva@educacio.com
624304131	Adrià	Ventura	Ramos	1993-04-20	A.Ventura@gencat.cat
628776367	Gemma	Sirera	Puntí	1952-01-10	G.Sirera@educacio.eu
657349120	Carles	Gómez	Pérez	1947-11-25	C.Gómez@educacio.eu
638563114	Carolina	Francisco	Pérez	1952-09-27	C.Francisco@institut.edu
626586781	Eva	Millán	Pérez	1950-03-05	E.Millán@educacio.eu
668308755	Felipe	Casas	Pérez	2001-07-06	F.Casas@educacio.com
605588806	Félix	Baca	Pérez	1999-04-19	F.Baca@educacio.com
673113033	Ferran	Chueca	Pérez	1947-09-05	F.Chueca@educacio.com
642611264	Carlos	Trapero	Perelló	1956-05-05	C.Trapero@educacio.eu
665571281	Carlota	Mesa	Perelló	1981-12-27	C.Mesa@gencat.cat
646432721	Carme	Parera	Perelló	1989-06-12	C.Parera@institut.edu
640478434	Álvaro	Torelló	Navarro	2002-06-22	Á.Torelló@educacio.eu
682021961	Adrián	Sánchez	Morales	1958-03-28	A.Sánchez@educacio.eu
653764717	Ana	Deusedes	Molet	1963-11-14	A.Deusedes@bcn.cat
652218888	Ana Maria	Álvarez	Miranda	1992-11-07	A.Álvarez@govern.cat
652094213	Ana María	Lacasta	Miranda	1977-12-20	A.Lacasta@institut.edu
645234494	Elisenda	Lalueza	Méndez	1990-07-24	E.Lalueza@gencat.cat
685268765	Cristian	Ramos	Mateos	1940-10-11	C.Ramos@govern.cat
631229517	Christopher	Margarit	Masclans	1971-05-28	C.Margarit@educacio.edu
625941842	Ignasi	Escudé	March	1956-04-05	I.Escudé@institut.edu
603249956	Immaculada	Frontela	March	1959-04-20	I.Frontela@govern.cat
671802364	Hug	Puértolas	Lupiáñez	2000-12-12	H.Puértolas@institut.edu
698997922	Irene	Pequeño	Lucio	1975-07-22	I.Pequeño@educacio.edu
637348205	Daria del Carmen	Fortes	Lorente	1982-10-20	D.Fortes@bcn.cat
656691602	Gabriel José	Calvet	Juncosa	1943-12-11	G.Calvet@bcn.cat
646742896	Gonzalo	García	Juan	1984-03-18	G.García@institut.edu
667289836	Guille	Martínez	Juan	1987-05-23	G.Martínez@educacio.eu
663767237	Damià	Vidal	Jiménez	1963-10-31	D.Vidal@govern.cat
635588850	César	Fuentes	Huelin	1960-06-03	C.Fuentes@educacio.eu
664273643	Francisco	Caballer	Gutiérrez	1991-11-17	F.Caballer@institut.edu
680712444	Edgar	Pons	Guerendiain	1981-09-10	E.Pons@educacio.com
621582826	Agustín	Peñalver	Grau	1968-08-29	A.Peñalver@educacio.com
616898818	Alfredo	Batlle	González	1949-06-22	A.Batlle@educacio.edu
663735049	Daniel	Cabrera	González	1971-02-26	D.Cabrera@educacio.edu
634381311	Alfons	Salmerón	Gomila	2001-12-12	A.Salmerón@bcn.cat
668707188	Francina	Company	Gómez	1954-09-07	F.Company@institut.edu
653729253	Guillem	Paredes	Giner	1961-01-27	G.Paredes@educacio.edu
602132343	Àgata	Cardona	Gilbert	1966-08-07	À.Cardona@gencat.cat
624462823	Clara Jakqueline	Terra	García	1946-03-10	C.Terra@educacio.edu
666827356	Ingrid	Bondia	Fox	1953-08-31	I.Bondia@educacio.eu
656659295	Inmaculada	Langa	Fox	1947-06-04	I.Langa@bcn.cat
638337533	Cristina	Fernández	Flotats	1976-05-10	C.Fernández@educacio.edu
676616736	Adriel Micael del Valle	Partal	Fernández	1961-01-06	A.Partal@gencat.cat
683575564	Helena	Ciudad	Fernández	1962-03-05	H.Ciudad@institut.edu
633075260	Alexander Guillem	Lozano	Faura	1998-09-10	A.Lozano@bcn.cat
672272587	Janet	Rovira	Escuredo	1966-06-14	J.Rovira@educacio.edu
669463623	Eduard	Navalón	Donato	1996-11-06	E.Navalón@govern.cat
698423784	Emili	Hornero	De los Santos	1987-01-17	E.Hornero@gencat.cat
666631318	Aïda	Abelaira	Dapena	1985-04-28	A.Abelaira@educacio.eu
608107215	Aitor	Boladeres	Dapena	1977-10-06	A.Boladeres@educacio.com
657243994	Alba	Hernández	Dapena	1991-05-06	A.Hernández@educacio.eu
645703282	Albert	Segura	Dapena	1941-01-09	A.Segura@bcn.cat
625173954	Alberto	Alarcón	Dapena	1946-07-30	A.Alarcón@govern.cat
621628352	Alejandro	Calpe	Dapena	1997-02-17	A.Calpe@educacio.eu
684288815	Ancor	Ricart	Cojo	1941-06-25	A.Ricart@institut.edu
689048936	Adriana	Garcia	Castro	1982-07-13	A.Garcia@govern.cat
684753831	Alexandra	Dalmau	Carr	1981-03-08	A.Dalmau@gencat.cat
638617347	Claudia	Salvador	Bellobí	1961-10-13	C.Salvador@educacio.eu
688122998	Andreu	López	Bastardas	1980-10-10	A.López@bcn.cat
622775035	Angel David	Monllaó	Bastardas	1965-11-30	A.Monllaó@institut.edu
647587761	Àngels	Muñoz	Bastardas	1991-06-09	À.Muñoz@educacio.eu
653781845	Anna	Montes	Bastardas	1993-04-04	A.Montes@govern.cat
653772737	Anna A	Guerrero	Bastardas	1951-03-05	A.Guerrero@institut.edu
672312193	Antoni	Román	Bastardas	1994-04-07	A.Román@educacio.com
606352181	Antonio	Molons	Bastardas	1967-06-02	A.Molons@educacio.com
626356961	Antonio Jesús	Palomera	Bastardas	1971-01-06	A.Palomera@gencat.cat
681451526	Antonio Juan	Clapés-Saganyoles	Bastardas	1974-08-25	A.Clapés-Saganyoles@govern.cat
616347774	Arnau		Bastardas	2001-08-13	A.@educacio.com
600420356	Bàrbara	Guilera	Bastardas	1974-11-16	B.Guilera@gencat.cat
641540827	Blas	Aroca	Bastardas	1994-01-03	B.Aroca@govern.cat
679858345	Ada	Colau	Ballano	1997-11-10	A.Colau@educacio.eu
652615946	Diana María	Jiménez	Baena	1998-11-08	D.Jiménez@educacio.eu
621402842	David	González	Antius	1957-01-18	D.González@institut.edu
677743544	Esther	Recio	Alonso	1960-12-01	E.Recio@govern.cat
671416547	Irma	Cadenas	Alonso	1987-11-01	I.Cadenas@institut.edu
678521018	Àfrica Martina	Achaval		1962-07-30	À.Achaval@educacio.eu
