phone	name	surname1	surname2	date	email
679858345	Hedley	Blanco	Marin	1997-11-10	blanco.hedley@institutmvm.cat
624304131	Todd	Gonzalez	Miguel	1993-04-20	todd-gonzalez484@institutmvm.cat
682021961	Sara	Aguilar	Vazquez	1958-03-28	sara_aguilar8605@institutmvm.cat
689048936	Melinda	Carmona	Vazquez	1982-07-13	m-carmona@institutmvm.cat
676616736	Teagan	Garrido	Ortega	1961-01-06	t_garrido@institutmvm.cat
678521018	Erin	Alvarez	Diaz	1962-07-30	aerin6344@institutmvm.cat
602132343	Rhonda	Garcia	Pascual	1966-08-07	garciarhonda@institutmvm.cat
621582826	Susan	Ibañez	Nieto	1968-08-29	ibaez-susan8407@institutmvm.cat
666631318	Dieter	Delgado	Muﾑoz	1985-04-28	d.delgado6696@institutmvm.cat
608107215	Sylvia	Nuﾑez	Fuentes	1977-10-06	sylvia.nuez2400@institutmvm.cat
657243994	Slade	Medina	Santana	1991-05-06	medinaslade@institutmvm.cat
645703282	Stacey	Nuñez	Marquez	1941-01-09	snuez8811@institutmvm.cat
625173954	Caleb	Santana	Soler	1946-07-30	s.caleb@institutmvm.cat
621628352	Carlos	Peña	Cabrera	1997-02-17	carlospea@institutmvm.cat
633075260	Oscar	Torres	Moya	1998-09-10	o-torres2907@institutmvm.cat
684753831	Leilani	Bravo	Nieto	1981-03-08	bravo-leilani@institutmvm.cat
634381311	Ariel	Lorenzo	Santos	2001-12-12	lorenzoariel@institutmvm.cat
616898818	Hamish	ﾑez	Dominguez	1949-06-22	ez-hamish@institutmvm.cat
640478434	Thomas	Gimenez	Carmona	2002-06-22	gimenez.thomas3086@institutmvm.cat
653764717	Stella	Ortega	Perez	1963-11-14	ortega_stella@institutmvm.cat
652218888	Zelda	Izquierdo	Diaz	1992-11-07	i.zelda@institutmvm.cat
652094213	Justina	Carrasco	Redondo	1977-12-20	justina.carrasco6336@institutmvm.cat
684288815	Anjolie	Gil	Cruz	1941-06-25	agil5601@institutmvm.cat
688122998	Ginger	Ruiz	Vila	1980-10-10	g-ruiz@institutmvm.cat
622775035	Rhonda	Flores	Vila	1965-11-30	flores.rhonda@institutmvm.cat
647587761	Aristotle	Blanco	Calvo	1991-06-09	b-aristotle2993@institutmvm.cat
653781845	Wanda	Romero	ﾑez	1993-04-04	wanda_romero67@institutmvm.cat
653772737	Chancellor	Merino	Lopez	1951-03-05	c.merino@institutmvm.cat
672312193	Allistair	Campos	Vega	1994-04-07	acampos8245@institutmvm.cat
606352181	Tyler	Suarez	Perez	1967-06-02	tsuarez@institutmvm.cat
626356961	Maris	Bravo	Cano	1971-01-06	bravo.maris6775@institutmvm.cat
681451526	Mannix	Cruz	Merino	1974-08-25	m.cruz@institutmvm.cat
616347774	Brenna	Guerrero	Vila	2001-08-13	b.guerrero@institutmvm.cat
600420356	Macy	Merino	Ruiz	1974-11-16	macy_merino@institutmvm.cat
641540827	Nero	Ramirez	Torres	1994-01-03	r.nero9617@institutmvm.cat
657349120	Zoe	Calvo	Soler	1947-11-25	c.zoe@institutmvm.cat
642611264	Amos	Navarro	Iba	1956-05-05	namos@institutmvm.cat
665571281	Nayda	Castro	Marti	1981-12-27	c_nayda@institutmvm.cat
646432721	Orson	Merino	Bravo	1989-06-12	o.merino2645@institutmvm.cat
638563114	Reese	Garrido	Marin	1952-09-27	g.reese7193@institutmvm.cat
635588850	Ariana	Velasco	Morales	1960-06-03	velascoariana9479@institutmvm.cat
631229517	Dolan	Nuñez	Carmona	1971-05-28	d-nuez@institutmvm.cat
624462823	Dominique	Vila	Molina	1946-03-10	vila_dominique8258@institutmvm.cat
638617347	Gannon	ﾑez	Andres	1961-10-13	gannonez173@institutmvm.cat
685268765	Gavin	Cortes	Hidalgo	1940-10-11	cortes-gavin1550@institutmvm.cat
638337533	Clementine	Nuﾑez	Dominguez	1976-05-10	c.nuez791@institutmvm.cat
663767237	Uriah	Sanchez	Duran	1963-10-31	sanchezuriah5828@institutmvm.cat
663735049	Garrett	Delgado	Hidalgo	1971-02-26	g.delgado@institutmvm.cat
637348205	Kareem	Gil	Marin	1982-10-20	g.kareem@institutmvm.cat
621402842	Breanna	Montero	Muﾑoz	1957-01-18	m.breanna2622@institutmvm.cat
674756182	Dean	Bravo	Fuentes	1974-06-21	bravo_dean3273@institutmvm.cat
652615946	Tucker	Delgado	Carrasco	1998-11-08	tucker-delgado@institutmvm.cat
639308293	Christine	Peña	Ibañez	1940-06-12	peachristine@institutmvm.cat
680712444	Zeus	Diez	Moreno	1981-09-10	z.diez@institutmvm.cat
669463623	Bree	Diez	Marti	1996-11-06	diez-bree247@institutmvm.cat
608461207	Hadley	Morales	Carmona	1964-03-24	m-hadley6798@institutmvm.cat
638362781	Wade	Moya	Casado	1959-03-04	moya_wade@institutmvm.cat
645234494	Norman	Leon	Casado	1990-07-24	l-norman@institutmvm.cat
659859119	Dara	Soto	Marin	1992-01-29	s.dara4149@institutmvm.cat
657435689	Amanda	Muﾑoz	Sanchez	1940-02-24	muoz.amanda4421@institutmvm.cat
698423784	Yardley	Merino	Lozano	1987-01-17	y_merino@institutmvm.cat
670322646	Steven	Ramirez	Carmona	1955-12-14	steven_ramirez@institutmvm.cat
650121146	Yasir	Fernandez	Fuentes	1960-06-20	f_yasir6029@institutmvm.cat
614710934	Drake	Carrasco	Gimenez	1944-02-07	d.carrasco@institutmvm.cat
677743544	Fleur	Castillo	Nuﾑez	1960-12-01	f.castillo5699@institutmvm.cat
675556409	Xaviera	Rubio	Mendez	1973-07-17	x.rubio@institutmvm.cat
626586781	Lucas	Marquez	Soler	1950-03-05	l.marquez3743@institutmvm.cat
668308755	Asher	Rubio	Moya	2001-07-06	asher-rubio824@institutmvm.cat
605588806	Aidan	Jimenez	Carrasco	1999-04-19	aidan-jimenez2863@institutmvm.cat
673113033	August	Mendez	Caballero	1947-09-05	mendez.august8255@institutmvm.cat
642974183	Raymond	Muñoz	Marin	1964-04-19	muoz_raymond@institutmvm.cat
623847492	Mikayla	Medina	Ramirez	1986-06-06	mikayla_medina@institutmvm.cat
668707188	Erica	Casado	Suarez	1954-09-07	casadoerica5760@institutmvm.cat
664273643	Wilma	Miguel	Cano	1991-11-17	wilma_miguel8649@institutmvm.cat
691634478	Chancellor	Delgado	Flores	1988-12-07	delgado.chancellor@institutmvm.cat
617586432	Pascale	Ortiz	Delgado	1940-09-11	pascaleortiz2404@institutmvm.cat
656691602	Henry	Vila	Arias	1943-12-11	vila.henry@institutmvm.cat
628776367	Hilda	Gil	Morales	1952-01-10	h_gil@institutmvm.cat
695575524	Drake	Castro	Martinez	1992-04-25	dcastro@institutmvm.cat
674438816	Sonia	Suarez	Cortes	2002-07-10	s.suarez@institutmvm.cat
619170141	Felicia	Herrera	Romero	1946-10-19	f-herrera3123@institutmvm.cat
646742896	Kiayada	Gimenez	Lorenzo	1984-03-18	kiayada-gimenez@institutmvm.cat
667289836	Destiny	Calvo	Jimenez	1987-05-23	dcalvo5507@institutmvm.cat
653729253	Grady	Soto	Gutierrez	1961-01-27	sgrady@institutmvm.cat
683575564	Sarah	Campos	Perez	1962-03-05	campossarah1639@institutmvm.cat
671802364	Derek	Martinez	Calvo	2000-12-12	m-derek1206@institutmvm.cat
625941842	Axel	Guerrero	Ibañez	1956-04-05	g-axel9848@institutmvm.cat
603249956	Mercedes	Bravo	Muñoz	1959-04-20	mbravo8945@institutmvm.cat
666827356	Irene	Vidal	Gutierrez	1953-08-31	ividal5024@institutmvm.cat
656659295	Aladdin	Calvo	Alvarez	1947-06-04	c_aladdin3359@institutmvm.cat
698997922	Xena	Nuñez	Ibañez	1975-07-22	nuez_xena@institutmvm.cat
671416547	Angela	Lopez	Arias	1987-11-01	a-lopez6330@institutmvm.cat
665718566	Xavier	Lorenzo	Iglesias	2002-01-18	xlorenzo7493@institutmvm.cat
634739827	Cody	Santos	Castro	1980-12-31	cody.santos6664@institutmvm.cat
698543466	Imelda	Saez	Marti	1952-01-18	isaez8191@institutmvm.cat
607527757	Kennedy	Saez	Santana	1959-12-15	k-saez7003@institutmvm.cat
674758125	Hyacinth	Moya	Morales	1977-01-06	moya-hyacinth1562@institutmvm.cat
672272587	Marsden	Jimenez	Esteban	1966-06-14	jimenez.marsden7676@institutmvm.cat
683166125	Eve	Marquez	Redondo	1958-09-20	eve.marquez@institutmvm.cat
696560511	Medge	Torres	Vicente	1987-09-24	tmedge@institutmvm.cat
