phone,name,surname1,surname2,date,email
652238863,Lamar,Izquierdo,Romero,"Jun 10, 1998",ilamar6372@institutmvm.cat
617964124,Zoe,Velasco,Gil,"Nov 9, 1998",z-velasco@institutmvm.cat
615089826,Emily,Nieto,Carrasco,"Feb 20, 1970",e_nieto@institutmvm.cat
659563512,Yoshio,Caballero,Muñoz,"Dec 24, 1970",caballero.yoshio@institutmvm.cat
615872743,Sean,Lorenzo,Marti,"Apr 8, 1983",s.lorenzo2697@institutmvm.cat
678659361,Oprah,Gil,Perez,"Jun 4, 1972",giloprah@institutmvm.cat
642273466,Kieran,Pardo,Iglesias,"Apr 14, 1974",kieran.pardo1890@institutmvm.cat
611155666,Raphael,Garrido,Montero,"Nov 4, 1988",rgarrido@institutmvm.cat
657513493,Jade,Carmona,Pastor,"Jun 4, 2003",carmonajade@institutmvm.cat
669572689,Quentin,Lorenzo,Martinez,"Oct 6, 2000",q-lorenzo8314@institutmvm.cat
686827687,Rhiannon,Rodriguez,Martinez,"Apr 19, 1997",rrodriguez@institutmvm.cat
693436784,Myles,Molina,Gomez,"Feb 8, 1983",m.myles9060@institutmvm.cat
646723477,Mia,Campos,Alonso,"Oct 5, 1984",campos_mia7288@institutmvm.cat
603575813,Carissa,Marti,Montero,"Jan 22, 1982",c-marti@institutmvm.cat
635682683,Jessica,Suarez,Mora,"Nov 17, 1970",jsuarez2509@institutmvm.cat
621752217,Madaline,Redondo,Molina,"Sep 15, 1970",madalineredondo@institutmvm.cat
691462439,Grant,Lozano,Nuñez,"Jul 19, 1970",l_grant2214@institutmvm.cat
616364855,Ethan,Vazquez,Ruiz,"Sep 13, 1994",vazquez-ethan@institutmvm.cat
668862455,Lareina,Andres,Redondo,"Apr 30, 1973",andres.lareina1796@institutmvm.cat
611751932,Jessica,Muﾑoz,Flores,"Mar 22, 2003",j.muoz@institutmvm.cat
691344498,Michael,Gil,Castro,"Sep 29, 1980",gil.michael@institutmvm.cat
623721475,Ralph,Cortes,Gomez,"Mar 29, 1981",ralphcortes6260@institutmvm.cat
665847145,Maya,Leon,Crespo,"May 25, 1978",leon.maya9328@institutmvm.cat
633444150,Eaton,Romero,Rodriguez,"May 5, 1997",e-romero@institutmvm.cat
632822378,Elmo,Alvarez,Cabrera,"Oct 14, 1971",alvarez.elmo6623@institutmvm.cat
699050025,Maile,Soto,Blanco,"Mar 27, 1985",soto.maile@institutmvm.cat
682331685,Cora,Pardo,Lorenzo,"Jul 21, 2001",pcora8286@institutmvm.cat
645192966,Cooper,Cabrera,Morales,"Mar 2, 1991",c-cabrera@institutmvm.cat
621721353,Brynn,ﾑez,Prieto,"Mar 18, 1999",ez-brynn7209@institutmvm.cat
645644373,Aaron,Ortega,Cano,"Apr 18, 1985",o_aaron@institutmvm.cat
639458771,Channing,Muñoz,Gutierrez,"Mar 19, 1993",c_muoz5310@institutmvm.cat
627871152,Blake,Leon,Carmona,"Aug 16, 1979",leon_blake9151@institutmvm.cat
633871656,Keefe,Saez,Ramirez,"Mar 19, 1975",saez.keefe4826@institutmvm.cat
674283246,Pearl,Cruz,Garcia,"Aug 8, 1972",pearl.cruz@institutmvm.cat
653206849,Noah,Gomez,Martinez,"Jan 21, 1973",g.noah6915@institutmvm.cat
679081875,Lamar,Morales,Dominguez,"May 9, 1994",l_morales@institutmvm.cat
653960864,Wade,Peña,Navarro,"Jul 12, 1976",pea.wade@institutmvm.cat
600487077,Stella,Morales,Diaz,"Sep 7, 1983",morales.stella2750@institutmvm.cat
659010218,Noble,Torres,Moreno,"Apr 18, 1995",noble_torres2887@institutmvm.cat
692768257,Wendy,Alonso,Torres,"Oct 16, 1991",a-wendy3111@institutmvm.cat
676455164,Russell,Moya,Molina,"Aug 10, 1982",moyarussell5148@institutmvm.cat
678561385,Portia,Jimenez,Santana,"Jul 17, 1972",jimenez.portia@institutmvm.cat
684729722,Iris,Caballero,Garcia,"Aug 23, 1969",caballero_iris@institutmvm.cat
633632227,Emi,Molina,Martinez,"Jul 18, 2003",emolina3792@institutmvm.cat
678368024,Mariko,Gil,Carmona,"Jul 25, 1983",m_gil5951@institutmvm.cat
647360173,Keelie,Cabrera,Diez,"May 17, 1983",ckeelie@institutmvm.cat
618681421,Nissim,Nuﾑez,Hidalgo,"Feb 5, 2004",nnuez6388@institutmvm.cat
686056868,Edward,Lozano,Iglesias,"Mar 26, 1979",l.edward3194@institutmvm.cat
663211241,Freya,Ramirez,Carrasco,"May 31, 1975",rfreya7038@institutmvm.cat
614728547,Byron,Guerrero,Alonso,"Oct 20, 1981",guerrero-byron@institutmvm.cat
613178018,Zephania,Jimenez,Ramirez,"Oct 28, 1978",zjimenez@institutmvm.cat
687615931,Madaline,Prieto,Jimenez,"Aug 4, 1987",mprieto@institutmvm.cat
654918557,Odette,Vega,Andres,"Mar 4, 1989",o.vega@institutmvm.cat
663800738,Patrick,Hernandez,Izquierdo,"Aug 3, 1981",phernandez@institutmvm.cat
626913184,Paki,Bravo,Vidal,"Nov 20, 1991",p_bravo2623@institutmvm.cat
659804666,Palmer,Crespo,Casado,"Jan 11, 2003",pcrespo9454@institutmvm.cat
626853734,Britanni,Blanco,Lozano,"Dec 29, 1968",blanco.britanni@institutmvm.cat
611954515,Hall,Serrano,Martinez,"Aug 25, 2000",h-serrano@institutmvm.cat
642699620,Frances,Dominguez,Iba,"Feb 15, 1997",frances.dominguez6810@institutmvm.cat
660467717,Colette,Reyes,Lorenzo,"Apr 10, 2000",colette.reyes@institutmvm.cat
636756674,Cadman,Castillo,Soler,"Mar 4, 1980",cadman_castillo5943@institutmvm.cat
612212689,Gloria,Ortega,Cortes,"Oct 18, 1983",g.ortega@institutmvm.cat
664155706,Prescott,Casado,Pastor,"Nov 25, 1999",p.casado@institutmvm.cat
681110435,Tanek,Nuñez,Garrido,"Aug 16, 1972",nuez-tanek5260@institutmvm.cat
668948342,Sylvester,Marti,Martinez,"Apr 18, 1973",marti_sylvester6932@institutmvm.cat
661137182,Ivan,Flores,Carrasco,"Dec 30, 1985",flores-ivan3552@institutmvm.cat
604331711,Cecilia,Lopez,Perez,"May 22, 1986",cecilia.lopez3339@institutmvm.cat
628836670,Omar,Hidalgo,Marquez,"Jan 3, 2003",hidalgoomar7097@institutmvm.cat
663861142,Jeremy,Martinez,Vicente,"Jan 15, 1975",mjeremy@institutmvm.cat
690574077,Chaney,Alvarez,Romero,"Mar 10, 1981",chaneyalvarez@institutmvm.cat
654522713,Quamar,Diez,Vazquez,"May 8, 1986",dquamar@institutmvm.cat
645383828,Brennan,Vidal,Hidalgo,"Apr 25, 1982",brennan-vidal573@institutmvm.cat
630840964,Adena,Romero,Aguilar,"Jun 9, 1972",romero-adena8869@institutmvm.cat
640735748,Cheyenne,Medina,Serrano,"Apr 2, 1977",medina_cheyenne@institutmvm.cat
643906412,Nasim,Velasco,Cruz,"Nov 17, 1978",velasco-nasim@institutmvm.cat
677066132,Chiquita,Prieto,Dominguez,"Jan 5, 1986",chiquitaprieto@institutmvm.cat
689378223,Jayme,Mendez,Martin,"Dec 3, 1973",j-mendez@institutmvm.cat
641875883,Venus,Cabrera,Perez,"Mar 17, 1972",vcabrera@institutmvm.cat
672407463,Lee,Hernandez,Ruiz,"Oct 17, 1981",l-hernandez8132@institutmvm.cat
644154448,Ahmed,Izquierdo,Diez,"Oct 9, 1989",izquierdo.ahmed1710@institutmvm.cat
619034113,Tamekah,Miguel,Santos,"Nov 6, 1978",miguel.tamekah7558@institutmvm.cat
641889757,Jelani,Martinez,Sanchez,"Nov 15, 2004",martinez_jelani@institutmvm.cat
681675773,Kyra,Suarez,Vicente,"Aug 15, 1987",suarez.kyra4690@institutmvm.cat
648252411,Kamal,Esteban,Rubio,"May 6, 1998",estebankamal@institutmvm.cat
645988726,Hanna,Alvarez,Muñoz,"Jan 15, 1968",h-alvarez8184@institutmvm.cat
661808288,Nathan,Leon,Marti,"Aug 17, 1979",n-leon@institutmvm.cat
635382975,Cheyenne,Santana,Hernandez,"Aug 9, 1983",s.cheyenne@institutmvm.cat
652483917,Kaseem,Miguel,Arias,"Jul 8, 1982",mkaseem7272@institutmvm.cat
614318676,Calvin,Santos,Ibañez,"Mar 12, 1968",calvin.santos5087@institutmvm.cat
676026566,Nita,Pascual,Andres,"Dec 20, 1982",pascualnita2103@institutmvm.cat
625343668,Grady,Jimenez,Reyes,"Jun 11, 1992",j_grady2809@institutmvm.cat
656014151,Noelle,Ortiz,Gonzalez,"Jun 12, 1971",n_ortiz2664@institutmvm.cat
639669466,Carl,Santos,Lorenzo,"Nov 20, 1995",santos.carl@institutmvm.cat
614924421,Malcolm,Hidalgo,Flores,"Apr 21, 1978",malcolm.hidalgo7527@institutmvm.cat
677113297,Urielle,Moreno,Fernandez,"Aug 17, 1986",m-urielle@institutmvm.cat
648024414,Charity,Suarez,Montero,"Jul 18, 1999",suarezcharity9712@institutmvm.cat
688446328,Tiger,Santos,Gomez,"Feb 7, 1990",tiger-santos@institutmvm.cat
674372383,Asher,Merino,Miguel,"Sep 10, 1981",merinoasher6036@institutmvm.cat
686076007,Jasmine,Blanco,Gomez,"Sep 21, 1973",jasmineblanco@institutmvm.cat
632571436,Nadine,Lozano,Mendez,"Aug 15, 1989",lnadine@institutmvm.cat
